ID,SchoolID,Firstname,Surname,Gender,Ethnicity,YearReal,LookedAfterChild,DateOfBirth,AutumnBorn,SpringBorn,SummerBorn,MilitaryFamily
C49D5328-1089-4DB5-B8C7-E87749BF94CC,2,Charlie,Kim,F,WBRI,9,0,20080102,0,1,0,0
047AA08D-4DF4-4DD5-8FBB-B4B61AB48DAC,2,Eden,Wareing,M,WBRI,9,0,20080727,0,0,1,0
7CF9FAC4-36E5-4ACD-9F56-0580169F4964,3,Maisie,Morrison,M,WOWB,6,0,20110609,0,0,1,0
A59FC918-0FDC-49E1-A094-E513CE678791,5,Maisie,Hussain,M,WBRI,9,0,20080310,0,1,0,0
28559743-E93E-49FC-8FA0-6A14D6843908,1,Safa,Reynolds,M,AOPK,6,0,20101219,1,0,0,0
069B4A67-41B3-4474-B85D-B473014982EB,2,Ainara,Oseni,M,WBRI,7,0,20100813,0,0,1,0
F648295B-7450-4C66-904F-B819C0BBD4A0,2,Hamza,Matthews,M,WBRI,7,0,20100411,0,0,1,0
A98F538A-C721-4B55-A9DD-5E361D4BB566,5,HARRISON,ASPEY,M,WBRI,7,0,20091005,1,0,0,0
C62A2B8C-CE65-4D9F-A6AD-FAFF9F52970F,2,Kristupas,Jean-Pierre,M,WBRI,7,0,20090907,1,0,0,0
F45CFE70-B3F1-45C7-A612-E05C8EF02D98,2,Will,Scrivens,M,WBRI,9,0,20080220,0,1,0,0
2E373435-14A4-4CB6-A289-6CB148947BC4,1,Amelia,Charleston,M,AOPK,7,0,20100804,0,0,1,0
DADCAAB4-F1AC-495B-A34D-C863BCE75A9E,1,Lilly,Virk,M,AOPK,9,0,20071221,1,0,0,0
CD9C0CAC-032D-47A9-AF9D-ECA21DAD8D96,3,Aaron,Garcia Neves,M,WOWB,3,0,20140601,0,0,1,0
ADC15CD4-680F-4816-AEAE-2DF73C84533C,1,Tiernan,RICKABY,M,AAFR,8,0,20081117,1,0,0,0
0502C76A-0193-4F2F-A492-91D82DE9ED6D,1,ELLA,Oseni,F,AOPK,7,0,20100111,0,1,0,0
C344275A-4E78-440F-9906-3F3C5E106804,3,Ella-Mae,Smith,M,WCOR,-3,0,20100103,0,1,0,0
D2E719C2-4215-4637-869B-0F4379042847,1,Jamal,Hellmich,M,AOPK,7,0,20081126,1,0,0,0
A9C7AA0A-4956-4421-8BCB-14E93E56D145,2,Ayman,Hellmich,F,WBRI,9,0,20080521,0,0,1,0
6EED2C49-27D3-4BBB-9C28-A5E03F32D82E,1,Amelia,Munawar,M,AOPK,9,0,20080423,0,0,1,0
DC0CCD4B-1B44-479E-B0C7-E022B0E2417E,5,Jacob,Taak,M,WBRI,9,0,20080312,0,1,0,0
06B64DDC-1403-4001-B6EF-6DE8CB7CC07B,2,Will,Massey,M,WBRI,6,0,20110726,0,0,1,0
811CC11F-DD0F-4EB3-A55A-5BCDE1F70263,1,Heera,Richardson,M,AOPK,9,0,20080102,0,1,0,0
D2F88BB4-C7D1-4461-97AA-EC422833FD88,3,Hope,Sayers,M,WOWB,1,0,20160522,0,0,1,0
4454ECA9-1013-454B-8C01-B168299EB9D6,2,Mason,KELLY,F,WBRI,8,0,20081208,1,0,0,0
8671C26D-E946-4EAC-B325-F271FF39DC47,5,Jamie,Rashid,F,WBRI,7,0,20091105,1,0,0,0
DC55E759-0D53-461D-ACE3-644BF655C9F9,1,Leah,Crowther-Walsh,F,OLIB,8,0,20090202,0,1,0,0
3763F08E-68C2-42D1-9C7C-859E342FB7FB,5,Felix,Smith,M,WBRI,7,0,20100106,0,1,0,0
3B0C61CB-06F5-4B96-BB01-79857BFF5998,1,Scarlett,Jennings,F,AOPK,4,0,20121101,1,0,0,0
EE287F4F-6D84-4CB1-B3D3-540FB93F4617,3,Emaan,Baines,M,WOWB,5,0,20120519,0,0,1,0
9D348DB6-51A4-4C8F-9374-C21E7BCF80A7,2,Musa,Shutt,M,WBRI,7,0,20100502,0,0,1,0
BEC0EBED-14F2-4C3F-B254-6A7E05741742,2,Hope,Armstrong,F,WBRI,7,0,20100725,0,0,1,0
B16E4C28-E7EB-4862-AD8D-8D567256ACAA,3,Noah,Antley,M,MWAS,9,0,20080407,0,0,1,0
7DC0F64D-9011-4332-8540-D521583191D0,5,Arlo,Mountford,M,WBRI,8,0,20090821,0,0,1,0
0F87CF05-764D-486A-BF6E-4C5C6D78C5AD,1,Harley,Voicu,M,AOPK,5,0,20111213,1,0,0,0
9F17F0D7-D150-44FD-80B5-462A60C3B9CA,5,Tejsi,Mousavidoust,M,WOTH,7,0,20091224,1,0,0,0
D1995451-26F5-4B74-A34B-B67DB980A28A,3,Daisie-Mai,Bestwick,M,WCOR,6,0,20110103,0,1,0,0
FC20FBAC-70F3-455B-B305-34B1E337844B,5,Charlie,Dodd,M,WBRI,9,0,20080103,0,1,0,0
B64D79F5-4A57-4B1C-9A64-B82A7F086C54,3,Harriet,Hughes,M,WOWB,2,0,20141017,1,0,0,0
7F3263B1-3E1D-4774-9A52-2C032CF837FF,3,Felix,Cameron,M,WOWB,2,0,20150503,0,0,1,0
A22A9F56-9F72-4DEC-AAF2-2F6E687986DE,2,Ella-Mae,Piterson,F,WBRI,9,0,20080418,0,0,1,0
48658873-865A-432E-B663-3FAAF3951CFA,3,Joe,Ridgard,M,WCOR,2,0,20141028,1,0,0,0
1E468FDA-2C39-47B2-9E12-B537AA4398BC,5,Emily,Sutton,M,WBRI,8,0,20090410,0,0,1,0
346EA0B2-505A-441C-9291-E0172AA2C115,1,Safa,Garcia Neves,F,AOPK,5,0,20120405,0,0,1,0
5E1496E9-C6E9-42A4-804E-B9C3CDB97A4E,4,Maha,Wright,F,WCOR,1,0,20151231,1,0,0,0
F7E6328A-A2A1-45A8-9DF3-B71DCABC7D06,3,Brayden,Sowersby,F,WCOR,2,0,20140613,0,0,1,0
4802F3EB-A44B-404B-B44C-682B6D780785,2,Zakaria,Yousif,F,WBRI,8,0,20090219,0,1,0,0
E95321AC-3D8E-41D4-8FBC-BC2AEFA404E5,1,Jacey,Ali,F,AOPK,9,0,20080405,0,0,1,0
7754E9DF-07AF-46DA-8B56-067385E7DB07,2,Hayden,MAHMOOD,F,WBRI,8,0,20080923,1,0,0,0
9EAF2287-B4D8-48F5-A35A-6ACA68547C3E,2,Sophia,Erzuah,M,WBRI,8,0,20090321,0,1,0,0
064D88CD-A787-48EA-8BDB-EB52AC82DFF3,3,Phoebe,Hastie-Banks,M,WCOR,8,0,20090227,0,1,0,0
C1DD62A1-C39B-4E5C-BD5F-DEE7A71A5AD9,2,Yuet Sum,Saad,F,WBRI,7,0,20100318,0,1,0,0
4F031C0A-315D-4C3B-87B6-53F0DF4D75CF,1,Eleanor,Attiah,M,BAOF,9,0,20071104,1,0,0,0
4D3993FA-5045-4498-8E11-02FCFA13DF31,1,Nathan,de Andrade Barbosa,M,AOPK,6,0,20110427,0,0,1,0
80B07A9B-0DDE-4895-8D23-9FE24F8125E2,5,Nathan,Szvetkov,M,WBRI,8,0,20081117,1,0,0,0
80825310-EEA1-4DFC-8CE6-7E6168985D57,5,Elloise Rose,Kruk,F,WBRI,9,0,20080820,0,0,1,0
190DF203-DF73-4CD3-999B-0C92BCF6E3ED,3,Livia,Wareing,M,WOWB,3,0,20140730,0,0,1,0
A6AF38DA-C04D-430F-A0AD-772F98082733,3,Bisma,Wan-Syakir,F,WCOR,5,0,20111120,1,0,0,0
D8D995D8-228A-4116-B169-8DD154580AD8,1,Maisie,Oseni,F,ABAN,7,0,20090715,0,0,1,0
3FE5B192-AFD3-4818-890F-6B47C848A163,3,Navin,Wright,F,WOWB,9,0,20080318,0,1,0,0
5E1496E9-C6E9-42A4-804E-B9C3CDB97A4E,3,Zainab,BETTERIDGE,F,WCOR,1,0,20151231,1,0,0,0
72C24A9D-501A-428B-A515-429E1DACCCB7,3,Rayah,Weatherley,M,WCOR,5,0,20111121,1,0,0,0
9795C5E6-F8DE-4506-A3E9-053DDBC9B2C0,3,Archie,PIECH,M,WCOR,4,0,20121125,1,0,0,0
703DF230-6AA7-4FAC-8467-94DC4AE7468B,2,Jacob,THOMPSON,M,MOTH,8,0,20090618,0,0,1,0
40CB86B9-D33D-4BC8-8B47-A3DA534331AA,5,Evelyn,Eaton,F,WOTH,7,0,20100111,0,1,0,0
3C45D605-F722-4519-ABA6-B33862A31D67,5,Lea,RAHANU,F,WBRI,7,0,20100827,0,0,1,0
63571038-0ECA-4209-828D-479C4C866321,1,Savannah,Harrison,F,AIND,3,0,20140609,0,0,1,0
33FF24AB-C0B4-4D58-8667-F9891B44AF65,5,Tomas,Morris,F,WBRI,9,0,20071217,1,0,0,0
7AB34280-CF0C-4486-AA3F-286B9E6279A4,5,Brayden,Thaher,F,WBRI,8,0,20090703,0,0,1,0
BE461FB1-C6D7-4B94-9234-E07208BBBF9F,2,Roberth,Ogden-Friel,F,WBRI,7,0,20100304,0,1,0,0
75F65AB5-1B5C-4392-9C04-2E47BDBE8E2B,1,Molly,Deakin,M,AOPK,1,0,20160712,0,0,1,0
24711047-4A8A-4C6D-BE1C-47EF3E9FCB20,5,Mia,Forder,F,WBRI,9,0,20071019,1,0,0,0
5B065ED6-79A5-41C3-904C-0BA9483507FD,3,Samuel,Sharma,M,WOWB,6,0,20101105,1,0,0,0
54DD94DF-1D4A-4FBD-86C3-3B88DC433013,2,Jake Anthony,Matthews,M,WBRI,9,0,20080823,0,0,1,0
ABD2AAFD-0DAB-4CC1-A29D-AF4428E2832B,2,River,Richardson,F,WBRI,8,0,20081223,1,0,0,0
FD347ABB-6A71-4098-8EBA-70055E616620,5,Curtis,Byrne,M,WBRI,8,0,20090414,0,0,1,0
7687842C-F1E5-4BA7-BC6F-3B97BBBFE7AE,3,Karlton,Rizvi,M,WCOR,4,0,20120905,1,0,0,0
262460BA-F1F1-4D37-A23A-10DF0418BA42,5,Chloe,Poonawala,F,WBRI,8,0,20081002,1,0,0,0
E566BE20-F43B-4FD3-9AA0-C21EC3898DFA,5,Hattie-Rose,Whitehead,M,WBRI,8,0,20090529,0,0,1,0
0D8CA403-B25C-44DE-9408-F79E68A6D0C0,5,Theo,Jarvis,M,WBRI,7,0,20091001,1,0,0,0
D6D1AAF4-2A38-4D6C-AD95-2A53CBBA6830,1,Jason,Ayansola,M,WEUR,9,0,20071011,1,0,0,0